Sequence,True_Label,Predicted_Prob,Predicted_Label,Type,Error_Severity
GUUCCGGCGGUGUCUCAGGCACAGGGGUCCUGCCGCUCCUG,0.0,0.9865333,1,False Positive (FP),0.9865333
CCGUCCUCUCUGUUGGCCGGACAGGCUGCUGACAGUGUGUC,0.0,0.98631245,1,False Positive (FP),0.98631245
UGGAUCAAUAAAUUUGAUGAACAAUAGAACACACAAGUUGC,1.0,0.014891647,0,False Negative (FN),0.9851084
AUCUAUUUACUCCCAAUAUCACAAUAAAUUAUUUGAUCUAA,1.0,0.014916682,0,False Negative (FN),0.98508334
UUUACACACAGAUAUGGCUGACAUCACCAAGUCUUAUCUGA,1.0,0.015153605,0,False Negative (FN),0.9848464
GGUUACCCGCGUUAGGCUUCACACGGCGCUCUCACCGCUCA,0.0,0.9842127,1,False Positive (FP),0.9842127
GUUAACAUAUUUAUAUGGGGACAAUAAUGAGCAACAAAGAA,1.0,0.016671823,0,False Negative (FN),0.98332816
UGAUAUAUUCCAAAAGCUCAACAGCAACACACAGGUAAAAC,1.0,0.017224064,0,False Negative (FN),0.9827759
CAGCCCCUUCUGCCCGGUGCACAGACUGCUAGUUAGUCUGC,0.0,0.9826508,1,False Positive (FP),0.9826508
UCUUAUACUUUGACAUUGAAACAAAUUUCAAACUAUUUUUA,1.0,0.018201713,0,False Negative (FN),0.9817983
AUAACCUGCAAGCAUAUAAUACAAAAAAAAAAAAUCGCAAA,1.0,0.018823132,0,False Negative (FN),0.98117685
GUGUCUCUCAGGAGCGGUCUACAUCCGGCUCCUGUCGGUCU,0.0,0.9805203,1,False Positive (FP),0.9805203
UAAUUGAAUUAAAUUUGGUAACAAAUUUUUUGUCCAGACUG,1.0,0.02031917,0,False Negative (FN),0.97968084
UCCUCGGGCUGGGCGGAGAGACAGGUGGGUAGGCUAUUAGA,0.0,0.978378,1,False Positive (FP),0.978378
CACCCUAGCGCGGCGCAUCCACACCUGAUUGGUCGCUUACC,0.0,0.9779889,1,False Positive (FP),0.9779889
CGAUGAGAAACACAAGAACUACAUAAAGCGCUACUGUCCAU,1.0,0.022326607,0,False Negative (FN),0.9776734
UCACCAUAUGCGCUGACGCCACAGUUGACGGACUCUGUGGU,0.0,0.9776379,1,False Positive (FP),0.9776379
UUCACCCAGCCAUGUGGGAGACAGUCUGCUCCUGGCGUCUU,0.0,0.9772208,1,False Positive (FP),0.9772208
AAACAAAAAUUAUUUUACCUACAGAGAGGUUGUAGUUUUGA,1.0,0.023193704,0,False Negative (FN),0.9768063
CCCGCACCUAGAGCUGGAAGACAGUCUCCAAGAGUGCCGAC,0.0,0.97675246,1,False Positive (FP),0.97675246
