Sequence,True_Label,Predicted_Prob,Predicted_Label,Type,Ambiguity_Score
CAGUGGCUCACACCUGUAAUCCCAGCACUUUGGGAGGCCAA,1.0,0.50004065,1,True Positive (TP),0.9999187
GGACUCAAGCCUUGGCCUCCCAAAGUGCUGGGAUUAUAGGU,1.0,0.5018972,1,True Positive (TP),0.99620557
CUUAUGGGAUGCCUCACAGGCAGCAGUGAACUUGGGAGACA,1.0,0.4979361,0,False Negative (FN),0.9958722
AAACCGGUAAGAUGGCAGAUCACCUUGAAGGCCUUUCCAGU,1.0,0.5021968,1,True Positive (TP),0.9956064
UGAAGUUAAUUUAGGCAUUCCAGGUCAGUGCUGGGGAGAGC,1.0,0.49721253,0,False Negative (FN),0.99442506
GGUGCCUCUCUACCAGCAUGCCACACUGCCUUCUUGGAUGU,0.0,0.49705026,0,True Negative (TN),0.9941005
AGCCAUGAUUGCACCCUGGUCCACAAAACUACCCAUUACUA,0.0,0.49620432,0,True Negative (TN),0.99240863
GCACGAGGCCUGUUGUCUACCAAGUGCAGUUUAAAUAGUAA,1.0,0.49407983,0,False Negative (FN),0.98815966
CCUACCCUGGGGUUAGAUCACCAAAUGCCGUAGAGAAAGUU,0.0,0.5063194,1,False Positive (FP),0.9873612
UUCCAAUAUGAUUCUACCCACGGCAAGUUCCGCGGCACCAU,1.0,0.506626,1,True Positive (TP),0.986748
AGGAGCAGAAGCAGCUGAUGCUGUACUAUCACAGAAGACAA,1.0,0.49267468,0,False Negative (FN),0.98534936
CAAGAACUGGGUUUCUGUUCCUUUUCCAGGGCGACAUGGAG,1.0,0.5076139,1,True Positive (TP),0.9847722
UAUUCUCCCAGGACAGGCUCCUUAAAGCAGAGGAGCCUGUC,1.0,0.5077179,1,True Positive (TP),0.9845642
AAAGCUAUCAUUAGAAAUUACCAGGGCAUUGGGAGGCCGAG,0.0,0.4905192,0,True Negative (TN),0.9810384
CUGAGGGUGCAAAGAAACCACAGCUGCCAUUCACGGGGCAG,1.0,0.48903495,0,False Negative (FN),0.9780699
AUGGCGUGUUUGUCAACAUUCAGGUGAGAGCUUCCUAGUCC,1.0,0.48880082,0,False Negative (FN),0.97760165
UCAAAGCAAGCUCUUCUCCUCAGCUUGGGGCAGCCAUUGGC,1.0,0.48760352,0,False Negative (FN),0.97520703
ACAUGAUAAAGUCAUGUGCACUGUAGGACCAUCUGUCCCUG,1.0,0.5124828,1,True Positive (TP),0.97503436
UUCAGCAGGGCAUGGUGGCUCAUGCCUGUAAUCCCAACACU,1.0,0.48722312,0,False Negative (FN),0.97444624
UCGUGAUCCAUCUGCCUAGGCCUCCCAAAGUGCUGGGAUUA,1.0,0.48631462,0,False Negative (FN),0.97262925
