Sequence,True_Label,Predicted_Prob,Predicted_Label,Type
GGAGGCGCGGCUGCGGGACGACACCGAGGCUGCCAUCCGGG,1.0,0.98294294,1,True Positive (TP)
ACGCUGUUCCGACGUGGCCCACAGGCGGGCGGGUGCGUGGU,1.0,0.98190695,1,True Positive (TP)
CUCCGCACAGCGGCAGGUCGACAGAGCCCCGUCCCGCGUGA,1.0,0.9809497,1,True Positive (TP)
GGCUGGCCGAGGCGGAGGAGACAGCCCGGACAGUGGAACGA,1.0,0.97972965,1,True Positive (TP)
AGGCGAGAGACGCAGACUCCACAGCUGGGGCCACGGCAGGC,1.0,0.9787482,1,True Positive (TP)
GGAGACGGCCAGCCCGCAGGACAGCGGUCAUCGUGCAGCAA,1.0,0.9785826,1,True Positive (TP)
CCCUGUCUCCCUGACCGCGGACACGUGGAGCGUUGGGGUGC,1.0,0.9783748,1,True Positive (TP)
GGGCAUGCGGGCACUGCUGGACACGGUGAUGCAGGCCCUGC,1.0,0.9777449,1,True Positive (TP)
GCUGCGUCCCGGGAACCUGCACAGGCAGAGAGCAGCCUCCC,1.0,0.9774326,1,True Positive (TP)
CGGCUCCGGUGGCUAGGGUGACAGUGACCCCAGCUCCGGAG,1.0,0.9767592,1,True Positive (TP)
GUUCGCCACGCCCGGAGCCGACACCCAGGAGAGCAGGCGUG,1.0,0.97666276,1,True Positive (TP)
GGUCGAUGCUGAGCCCGGCUACAGCUGCACCUGUCCCGCUG,1.0,0.9766228,1,True Positive (TP)
CCGGAGGCGAGGUCGGCGCCACAUCCGCCUUGGCCCCUAAG,1.0,0.9765379,1,True Positive (TP)
GGCCAGGCCGGACUGUCCAGACAUGCAGGCUCCGGCCGGAA,1.0,0.9764454,1,True Positive (TP)
UGUGACCUGGCUGCGGCGGGACAGGUGGUGACCGCCAGGAU,1.0,0.97633505,1,True Positive (TP)
CACCCACGGAGACGCUGGCCACAGUCGCAGCUCCCCCACCC,1.0,0.9762148,1,True Positive (TP)
UCCGUUCCUUUCUGCUGGAGACAGCGCUCCGCCGGGGGUCG,1.0,0.9761939,1,True Positive (TP)
UUUCGCCCGGCCGACGCCGGACACCGAGGACACCCGACUGA,1.0,0.9760885,1,True Positive (TP)
AUGAGCUGGACGGGGCUCCCACAGCUGCCCAGGUGCUGGUC,1.0,0.97579384,1,True Positive (TP)
GCUGGGUGCUGGCAGUCUGCACAGCGAGGCCCCUCCAGAAG,1.0,0.9757829,1,True Positive (TP)
